ID_Date,AQI
AS_4_2022-12-04,49.87136688528138
AS_4_2022-12-05,51.18230530311254
AS_4_2022-12-06,50.908603145190284
AS_4_2022-12-07,50.636364635120685
AS_4_2022-12-08,50.36558194591016
AS_4_2022-12-09,50.096247292420685
AS_4_2022-12-10,49.82835293114601
AS_4_2022-12-11,49.56189115998899
AS_4_2022-12-12,49.29685431804017
AS_4_2022-12-13,49.03323478535752
AS_4_2022-12-14,48.77102498274738
AS_4_2022-12-15,48.5102173715465
AS_4_2022-12-16,48.25080445340538
AS_4_2022-12-17,47.99277877007261
AS_4_2022-12-18,47.73613290318049
AS_4_2022-12-19,47.48085947403173
AS_4_2022-12-20,47.22695114338732
AS_4_2022-12-21,46.9744006112555
AS_4_2022-12-22,46.723200616681915
AS_4_2022-12-23,46.47334393754083
AS_4_2022-12-24,46.22482339032752
AS_4_2022-12-25,45.9776318299517
AS_4_2022-12-26,45.73176214953213
AS_4_2022-12-27,45.48720728019229
AS_4_2022-12-28,45.24396019085712
AS_4_2022-12-29,45.00201388805092
AS_4_2022-12-30,44.761361415696214
AS_4_2022-12-31,44.52199585491384
DL_41_2022-12-04,116.15118117203139
DL_41_2022-12-05,130.2034046900721
DL_41_2022-12-06,137.29727927169944
DL_41_2022-12-07,140.15041527062718
DL_41_2022-12-08,141.2122453611026
DL_41_2022-12-09,141.5175648963944
DL_41_2022-12-10,141.50353665935228
DL_41_2022-12-11,141.35484551265185
DL_41_2022-12-12,141.14951362508748
DL_41_2022-12-13,140.92050207596458
DL_41_2022-12-14,140.68173528176663
DL_41_2022-12-15,140.4390953653763
DL_41_2022-12-16,140.19506687528835
DL_41_2022-12-17,139.95069900973812
DL_41_2022-12-18,139.706434584686
DL_41_2022-12-19,139.4624602424958
DL_41_2022-12-20,139.2188544023017
DL_41_2022-12-21,138.9756497636303
DL_41_2022-12-22,138.7328597118955
DL_41_2022-12-23,138.49048947375383
DL_41_2022-12-24,138.24854082983305
DL_41_2022-12-25,138.0070141056864
DL_41_2022-12-26,137.76590901289688
DL_41_2022-12-27,137.52522500441154
DL_41_2022-12-28,137.2849614246561
DL_41_2022-12-29,137.0451175729516
DL_41_2022-12-30,136.80569273030417
DL_41_2022-12-31,136.56668617072162
DL_35_2022-12-04,155.17422471098075
DL_35_2022-12-05,159.4100851227281
DL_35_2022-12-06,161.22085460657777
DL_35_2022-12-07,161.89940532053555
DL_35_2022-12-08,162.0495205731092
DL_35_2022-12-09,161.95317244880476
DL_35_2022-12-10,161.74204404757805
DL_35_2022-12-11,161.47763204644906
DL_35_2022-12-12,161.18865537838553
DL_35_2022-12-13,160.88852545082648
DL_35_2022-12-14,160.58350490841661
DL_35_2022-12-15,160.27651785491307
DL_35_2022-12-16,159.96892926403996
DL_35_2022-12-17,159.66137598174026
DL_35_2022-12-18,159.35415481234412
DL_35_2022-12-19,159.04740375859876
DL_35_2022-12-20,158.74118666253116
DL_35_2022-12-21,158.4355327335554
DL_35_2022-12-22,158.13045500848278
DL_35_2022-12-23,157.82595897252483
DL_35_2022-12-24,157.52204658538346
DL_35_2022-12-25,157.2187181614723
DL_35_2022-12-26,156.9159732479962
DL_35_2022-12-27,156.6138110350206
DL_35_2022-12-28,156.31223054697588
DL_35_2022-12-29,156.01123073208942
DL_35_2022-12-30,155.71081050414904
DL_35_2022-12-31,155.41096876200473
DL_6_2022-12-04,100.37599164246674
DL_6_2022-12-05,109.20504874809677
DL_6_2022-12-06,113.40537918025875
DL_6_2022-12-07,115.34317136580778
DL_6_2022-12-08,116.17514022033231
DL_6_2022-12-09,116.4667474221091
DL_6_2022-12-10,116.49441947264881
DL_6_2022-12-11,116.39328752336849
DL_6_2022-12-12,116.22941024786297
DL_6_2022-12-13,116.03508011913925
DL_6_2022-12-14,115.82608294489762
DL_6_2022-12-15,115.61013522149338
DL_6_2022-12-16,115.39100874915397
DL_6_2022-12-17,115.17054695732931
DL_6_2022-12-18,114.9496505888589
DL_6_2022-12-19,114.72875955339671
DL_6_2022-12-20,114.50808848229786
DL_6_2022-12-21,114.28774188003473
DL_6_2022-12-22,114.06777041616635
DL_6_2022-12-23,113.84819844376435
DL_6_2022-12-24,113.62903745184192
DL_6_2022-12-25,113.41029264159584
DL_6_2022-12-26,113.19196614121208
DL_6_2022-12-27,112.97405857742783
DL_6_2022-12-28,112.75656984379071
DL_6_2022-12-29,112.53949947622206
DL_6_2022-12-30,112.32284683661025
DL_6_2022-12-31,112.10661120255901
DL_40_2022-12-04,139.98960511777926
DL_40_2022-12-05,143.96797217618936
DL_40_2022-12-06,145.3248670756384
DL_40_2022-12-07,145.6800469811077
DL_40_2022-12-08,145.65263494838135
DL_40_2022-12-09,145.47927930412672
DL_40_2022-12-10,145.25043416029328
DL_40_2022-12-11,145.0006734711065
DL_40_2022-12-12,144.74321198758338
DL_40_2022-12-13,144.48310028320415
DL_40_2022-12-14,144.22226831962155
DL_40_2022-12-15,143.96145326064763
DL_40_2022-12-16,143.70093634512867
DL_40_2022-12-17,143.44082454359616
DL_40_2022-12-18,143.1811582165495
DL_40_2022-12-19,142.92195226493308
DL_40_2022-12-20,142.66321185917815
DL_40_2022-12-21,142.4049384513499
DL_40_2022-12-22,142.14713207318266
DL_40_2022-12-23,141.88979221446183
DL_40_2022-12-24,141.632918158768
DL_40_2022-12-25,141.37650911180754
DL_40_2022-12-26,141.12056425046293
DL_40_2022-12-27,140.86508274153982
DL_40_2022-12-28,140.61006374893094
DL_40_2022-12-29,140.35550643635275
DL_40_2022-12-30,140.10140996838973
DL_40_2022-12-31,139.84777351089187
DL_12_2022-12-04,198.58590130633706
DL_12_2022-12-05,196.35614313649992
DL_12_2022-12-06,193.0425828539075
DL_12_2022-12-07,186.59201469273398
DL_12_2022-12-08,179.82118151776493
DL_12_2022-12-09,177.93911378775994
DL_12_2022-12-10,175.84556357299468
DL_12_2022-12-11,171.43551589476314
DL_12_2022-12-12,167.41765463336196
DL_12_2022-12-13,163.4326063469754
DL_12_2022-12-14,159.36112786537325
DL_12_2022-12-15,155.36141285511758
DL_12_2022-12-16,151.7279686189939
DL_12_2022-12-17,148.16816294098422
DL_12_2022-12-18,144.56001700000957
DL_12_2022-12-19,141.05577972371358
DL_12_2022-12-20,137.63299995017488
DL_12_2022-12-21,134.28295194506688
DL_12_2022-12-22,131.01275912705773
DL_12_2022-12-23,127.83735487472914
DL_12_2022-12-24,124.73827519341823
DL_12_2022-12-25,121.70681976047631
DL_12_2022-12-26,118.74995022035992
DL_12_2022-12-27,115.86471925805283
DL_12_2022-12-28,113.04900187116003
DL_12_2022-12-29,110.30161534721933
DL_12_2022-12-30,107.62186040861232
DL_12_2022-12-31,105.00717320026041
DL_13_2022-12-04,157.33494803386108
DL_13_2022-12-05,159.6026737807407
DL_13_2022-12-06,160.8946530263292
DL_13_2022-12-07,161.30683745295735
DL_13_2022-12-08,161.24860876340432
DL_13_2022-12-09,161.0025969877596
DL_13_2022-12-10,160.7029496224004
DL_13_2022-12-11,160.39764364806462
DL_13_2022-12-12,160.0979615351869
DL_13_2022-12-13,159.8036365504162
DL_13_2022-12-14,159.51246812971226
DL_13_2022-12-15,159.22289236058987
DL_13_2022-12-16,158.93415502059347
DL_13_2022-12-17,158.64598147575657
DL_13_2022-12-18,158.35830428663394
DL_13_2022-12-19,158.07112246552697
DL_13_2022-12-20,157.78444685217636
DL_13_2022-12-21,157.49828513677272
DL_13_2022-12-22,157.21264060297312
DL_13_2022-12-23,156.9275138691384
DL_13_2022-12-24,156.6429043863394
DL_13_2022-12-25,156.3588112255301
DL_13_2022-12-26,156.07523338758915
DL_13_2022-12-27,155.79216989039958
DL_13_2022-12-28,155.50961977749859
DL_13_2022-12-29,155.22758210893426
DL_13_2022-12-30,154.94605595303378
DL_13_2022-12-31,154.66504038200105
DL_18_2022-12-04,145.53855228281907
DL_18_2022-12-05,153.40559955306358
DL_18_2022-12-06,162.41898439038349
DL_18_2022-12-07,167.4933821687083
DL_18_2022-12-08,165.16572334574323
DL_18_2022-12-09,161.3355195457129
DL_18_2022-12-10,158.57783858585663
DL_18_2022-12-11,156.386792789531
DL_18_2022-12-12,154.76681224110882
DL_18_2022-12-13,154.10095360424137
DL_18_2022-12-14,154.1398111898105
DL_18_2022-12-15,154.44644054318817
DL_18_2022-12-16,154.81679076916996
DL_18_2022-12-17,155.1629584270311
DL_18_2022-12-18,155.40982819750317
DL_18_2022-12-19,155.53525361734626
DL_18_2022-12-20,155.56926732390173
DL_18_2022-12-21,155.55016521099174
DL_18_2022-12-22,155.5065789248281
DL_18_2022-12-23,155.45979938673747
DL_18_2022-12-24,155.42311562956536
DL_18_2022-12-25,155.40075834375963
DL_18_2022-12-26,155.39109072340406
DL_18_2022-12-27,155.3903609594469
DL_18_2022-12-28,155.39456685570718
DL_18_2022-12-29,155.40035401403466
DL_18_2022-12-30,155.40555374687526
DL_18_2022-12-31,155.40919667217543
DL_19_2022-12-04,143.41634437637154
DL_19_2022-12-05,150.25410790333913
DL_19_2022-12-06,150.99602863918074
DL_19_2022-12-07,150.16155071265564
DL_19_2022-12-08,150.17204533521897
DL_19_2022-12-09,149.83433102995997
DL_19_2022-12-10,149.31985155882063
DL_19_2022-12-11,148.9117510531009
DL_19_2022-12-12,148.5479431221422
DL_19_2022-12-13,148.20459228827488
DL_19_2022-12-14,147.88614213123503
DL_19_2022-12-15,147.57868284333543
DL_19_2022-12-16,147.27278885162082
DL_19_2022-12-17,146.9662490767718
DL_19_2022-12-18,146.65827599020224
DL_19_2022-12-19,146.34902625486393
DL_19_2022-12-20,146.03926791973362
DL_19_2022-12-21,145.72965034118465
DL_19_2022-12-22,145.42056105754853
DL_19_2022-12-23,145.11219265689755
DL_19_2022-12-24,144.80459886480637
DL_19_2022-12-25,144.4977604392374
DL_19_2022-12-26,144.19163734445772
DL_19_2022-12-27,143.8861934658478
DL_19_2022-12-28,143.58140458612797
DL_19_2022-12-29,143.27725814988938
DL_19_2022-12-30,142.9737495285671
DL_19_2022-12-31,142.6708781107485
DL_21_2022-12-04,209.44836406225983
DL_21_2022-12-05,199.42936295109493
DL_21_2022-12-06,192.56606574535186
DL_21_2022-12-07,189.34215114114508
DL_21_2022-12-08,187.70702002906015
DL_21_2022-12-09,186.765755234504
DL_21_2022-12-10,186.12779870958823
DL_21_2022-12-11,185.6227032539983
DL_21_2022-12-12,185.17608176291836
DL_21_2022-12-13,184.75546938268505
DL_21_2022-12-14,184.34669684072077
DL_21_2022-12-15,183.9435793674823
DL_21_2022-12-16,183.54341676776386
DL_21_2022-12-17,183.1450295757715
DL_21_2022-12-18,182.74790200000874
DL_21_2022-12-19,182.3518078899379
DL_21_2022-12-20,181.9566475015057
DL_21_2022-12-21,181.56237625885564
DL_21_2022-12-22,181.16897366473054
DL_21_2022-12-23,180.77642973244212
DL_21_2022-12-24,180.3847390645481
DL_21_2022-12-25,179.9938982686822
DL_21_2022-12-26,179.60390482977354
DL_21_2022-12-27,179.21475661785956
DL_21_2022-12-28,178.8264516732822
DL_21_2022-12-29,178.43898811293911
DL_21_2022-12-30,178.0523640893652
DL_21_2022-12-31,177.66657777287037
DL_38_2022-12-04,134.50833306722183
DL_38_2022-12-05,142.1420591497725
DL_38_2022-12-06,145.94432640708368
DL_38_2022-12-07,147.83819005108674
DL_38_2022-12-08,148.78150078106762
DL_38_2022-12-09,149.25135252362296
DL_38_2022-12-10,149.48538003223274
DL_38_2022-12-11,149.60194632288483
DL_38_2022-12-12,149.66000659194083
DL_38_2022-12-13,149.68892571447614
DL_38_2022-12-14,149.70332998200382
DL_38_2022-12-15,149.71050457462005
DL_38_2022-12-16,149.71407815301336
DL_38_2022-12-17,149.71585810948147
DL_38_2022-12-18,149.71674468441552
DL_38_2022-12-19,149.71718627673968
DL_38_2022-12-20,149.71740622857146
DL_38_2022-12-21,149.7175157839366
DL_38_2022-12-22,149.71757035214787
DL_38_2022-12-23,149.7175975319184
DL_38_2022-12-24,149.71761106983556
DL_38_2022-12-25,149.71761781290948
DL_38_2022-12-26,149.7176211715536
DL_38_2022-12-27,149.71762284445387
DL_38_2022-12-28,149.7176236777054
DL_38_2022-12-29,149.717624092738
DL_38_2022-12-30,149.71762429946074
DL_38_2022-12-31,149.71762440242685
DL_25_2022-12-04,106.38244437799752
DL_25_2022-12-05,112.87411934291002
DL_25_2022-12-06,124.05248482889625
DL_25_2022-12-07,136.31639822002967
DL_25_2022-12-08,137.04790286386813
DL_25_2022-12-09,141.04751891285662
DL_25_2022-12-10,146.75268654118887
DL_25_2022-12-11,158.01835816509004
DL_25_2022-12-12,159.04121609257646
DL_25_2022-12-13,165.32984611954703
DL_25_2022-12-14,173.2218322536273
DL_25_2022-12-15,170.0445980351164
DL_25_2022-12-16,170.54937205915022
DL_25_2022-12-17,173.12978199563256
DL_25_2022-12-18,181.60151584808506
DL_25_2022-12-19,180.12648656142846
DL_25_2022-12-20,184.18167434727053
DL_25_2022-12-21,190.07671145562148
DL_25_2022-12-22,185.11419430624932
DL_25_2022-12-23,184.0226974343531
DL_25_2022-12-24,185.1758524516848
DL_25_2022-12-25,192.37137711380197
DL_25_2022-12-26,189.75545400082532
DL_25_2022-12-27,192.79048042050172
DL_25_2022-12-28,197.77335675169346
DL_25_2022-12-29,191.99546031369695
DL_25_2022-12-30,190.17487845114982
DL_25_2022-12-31,190.67612504903528
DL_26_2022-12-04,154.56337482886252
DL_26_2022-12-05,167.0858320515898
DL_26_2022-12-06,172.83699459877835
DL_26_2022-12-07,175.47831890565274
DL_26_2022-12-08,176.69139435550176
DL_26_2022-12-09,177.24852096172594
DL_26_2022-12-10,177.50439132444865
DL_26_2022-12-11,177.62190436688536
DL_26_2022-12-12,177.6758743343165
DL_26_2022-12-13,177.70066100755818
DL_26_2022-12-14,177.71204473075895
DL_26_2022-12-15,177.7172729093309
DL_26_2022-12-16,177.71967404388923
DL_26_2022-12-17,177.72077680789928
DL_26_2022-12-18,177.72128327200295
DL_26_2022-12-19,177.72151587470486
DL_26_2022-12-20,177.72162270165774
DL_26_2022-12-21,177.72167176384733
DL_26_2022-12-22,177.7216942965358
DL_26_2022-12-23,177.72170464507613
DL_26_2022-12-24,177.72170939782845
DL_26_2022-12-25,177.721711580615
DL_26_2022-12-26,177.72171258309876
DL_26_2022-12-27,177.72171304350738
DL_26_2022-12-28,177.72171325495827
DL_26_2022-12-29,177.72171335207088
DL_26_2022-12-30,177.7217133966716
DL_26_2022-12-31,177.72171341715526
DL_27_2022-12-04,199.80018629772906
DL_27_2022-12-05,200.0517759597697
DL_27_2022-12-06,194.55235652449758
DL_27_2022-12-07,186.70034829005743
DL_27_2022-12-08,176.83197648169764
DL_27_2022-12-09,178.66701946045237
DL_27_2022-12-10,178.36455515611343
DL_27_2022-12-11,172.94932814432167
DL_27_2022-12-12,168.72964766814238
DL_27_2022-12-13,163.9777784767754
DL_27_2022-12-14,159.07577146689695
DL_27_2022-12-15,154.0584624570744
DL_27_2022-12-16,150.47872939731303
DL_27_2022-12-17,146.76363441970972
DL_27_2022-12-18,142.57270048365305
DL_27_2022-12-19,138.61846850075315
DL_27_2022-12-20,134.70212258022937
DL_27_2022-12-21,130.86421740119064
DL_27_2022-12-22,127.1060053659624
DL_27_2022-12-23,123.60098994379801
DL_27_2022-12-24,120.16822190115528
DL_27_2022-12-25,116.76660848069162
DL_27_2022-12-26,113.47455913800393
DL_27_2022-12-27,110.26718618986888
DL_27_2022-12-28,107.14681721186152
DL_27_2022-12-29,104.11138638115537
DL_27_2022-12-30,101.17842682466838
DL_27_2022-12-31,98.32533065267693
DL_29_2022-12-04,133.38598362312473
DL_29_2022-12-05,130.64134378746272
DL_29_2022-12-06,136.9017357018131
DL_29_2022-12-07,129.98986525829423
DL_29_2022-12-08,124.08660563629304
DL_29_2022-12-09,125.88341915424387
DL_29_2022-12-10,132.17978594074566
DL_29_2022-12-11,134.27222349365925
DL_29_2022-12-12,136.76503182436605
DL_29_2022-12-13,127.0308527146854
DL_29_2022-12-14,130.27413400727568
DL_29_2022-12-15,133.57010146057743
DL_29_2022-12-16,132.26645262397238
DL_29_2022-12-17,128.65920003692338
DL_29_2022-12-18,128.13474935680114
DL_29_2022-12-19,128.20923213305014
DL_29_2022-12-20,131.45588910288183
DL_29_2022-12-21,127.3755547732438
DL_29_2022-12-22,121.42274085656517
DL_29_2022-12-23,121.18412610961204
DL_29_2022-12-24,125.16589178231894
DL_29_2022-12-25,125.90094185225523
DL_29_2022-12-26,125.45423792901217
DL_29_2022-12-27,125.08328988449597
DL_29_2022-12-28,124.75260386516763
DL_29_2022-12-29,124.44346059503584
DL_29_2022-12-30,124.14598728962976
DL_29_2022-12-31,123.85497658301794
DL_30_2022-12-04,96.21506781502407
DL_30_2022-12-05,102.99461630617043
DL_30_2022-12-06,110.04762872664148
DL_30_2022-12-07,106.93051730268577
DL_30_2022-12-08,101.74210371197529
DL_30_2022-12-09,102.03549262584632
DL_30_2022-12-10,105.26396124493486
DL_30_2022-12-11,106.54824041187175
DL_30_2022-12-12,106.99086657624862
DL_30_2022-12-13,107.15782611424989
DL_30_2022-12-14,107.16253655059653
DL_30_2022-12-15,107.07183364122491
DL_30_2022-12-16,106.92510282203212
DL_30_2022-12-17,106.74555324208012
DL_30_2022-12-18,106.54686147502449
DL_30_2022-12-19,106.33708661327262
DL_30_2022-12-20,106.1209774064601
DL_30_2022-12-21,105.90133184253122
DL_30_2022-12-22,105.6797983396622
DL_30_2022-12-23,105.45734788323463
DL_30_2022-12-24,105.23455225295525
DL_30_2022-12-25,105.0117479802119
DL_30_2022-12-26,104.78913296703124
DL_30_2022-12-27,104.56682342297464
DL_30_2022-12-28,104.34488741766339
DL_30_2022-12-29,104.12336465305277
DL_30_2022-12-30,103.90227811509753
DL_30_2022-12-31,103.68164093999745
DL_32_2022-12-04,114.00652532670185
DL_32_2022-12-05,121.0200128956599
DL_32_2022-12-06,125.109671064947
DL_32_2022-12-07,127.49440530410689
DL_32_2022-12-08,128.88497565400314
DL_32_2022-12-09,129.69583577680314
DL_32_2022-12-10,130.16865913219561
DL_32_2022-12-11,130.44436873872135
DL_32_2022-12-12,130.60513868856336
DL_32_2022-12-13,130.69888579116852
DL_32_2022-12-14,130.75355097738958
DL_32_2022-12-15,130.78542697677028
DL_32_2022-12-16,130.80401429727092
DL_32_2022-12-17,130.81485281183063
DL_32_2022-12-18,130.82117289426841
DL_32_2022-12-19,130.8248582186549
DL_32_2022-12-20,130.82700718047104
DL_32_2022-12-21,130.8282602687756
DL_32_2022-12-22,130.8289909612836
DL_32_2022-12-23,130.82941703783328
DL_32_2022-12-24,130.82966548875373
DL_32_2022-12-25,130.82981036380008
DL_32_2022-12-26,130.8298948423724
DL_32_2022-12-27,130.82994410295495
DL_32_2022-12-28,130.82997282745782
DL_32_2022-12-29,130.82998957709867
DL_32_2022-12-30,130.8299993440377
DL_32_2022-12-31,130.83000503927016
DL_23_2022-12-04,121.90759882883243
DL_23_2022-12-05,117.94811628739323
DL_23_2022-12-06,114.11723526174612
DL_23_2022-12-07,110.41077885511457
DL_23_2022-12-08,106.82470583371621
DL_23_2022-12-09,103.35510622051358
DL_23_2022-12-10,99.99819703207724
DL_23_2022-12-11,96.75031815391281
DL_23_2022-12-12,93.60792834975481
DL_23_2022-12-13,90.56760140047619
DL_23_2022-12-14,87.6260223684036
DL_23_2022-12-15,84.77998398296542
DL_23_2022-12-16,82.02638314373165
DL_23_2022-12-17,79.36221753703286
DL_23_2022-12-18,76.78458236246931
DL_23_2022-12-19,74.29066716574089
DL_23_2022-12-20,71.87775277434487
DL_23_2022-12-21,69.54320833280025
DL_23_2022-12-22,67.28448843416611
DL_23_2022-12-23,65.09913034472649
DL_23_2022-12-24,62.98475131881578
DL_23_2022-12-25,60.9390460008569
DL_23_2022-12-26,58.95978391177959
DL_23_2022-12-27,57.04480701707837
DL_23_2022-12-28,55.19202737385837
DL_23_2022-12-29,53.39942485430369
DL_23_2022-12-30,51.665044943086016
DL_23_2022-12-31,49.986996606312125
DL_39_2022-12-04,106.01348009517494
DL_39_2022-12-05,116.12372349755798
DL_39_2022-12-06,121.92743696651894
DL_39_2022-12-07,125.25901749225184
DL_39_2022-12-08,127.17148764757634
DL_39_2022-12-09,128.26932756672474
DL_39_2022-12-10,128.89953478053155
DL_39_2022-12-11,129.26130075880116
DL_39_2022-12-12,129.46896995103845
DL_39_2022-12-13,129.58818097693637
DL_39_2022-12-14,129.65661322026784
DL_39_2022-12-15,129.69589626386306
DL_39_2022-12-16,129.71844641623247
DL_39_2022-12-17,129.73139117115326
DL_39_2022-12-18,129.73882201584178
DL_39_2022-12-19,129.74308763949574
DL_39_2022-12-20,129.74553629047958
DL_39_2022-12-21,129.74694192119784
DL_39_2022-12-22,129.7477488135354
DL_39_2022-12-23,129.74821200435494
DL_39_2022-12-24,129.74847789575747
DL_39_2022-12-25,129.74863052882995
DL_39_2022-12-26,129.74871814676192
DL_39_2022-12-27,129.74876844321392
DL_39_2022-12-28,129.7487973155352
DL_39_2022-12-29,129.7488138894863
DL_39_2022-12-30,129.74882340364533
DL_39_2022-12-31,129.7488288651808
DL_8_2022-12-04,180.73818748342168
DL_8_2022-12-05,189.7137188212967
DL_8_2022-12-06,193.01040453728325
DL_8_2022-12-07,193.93507700467504
DL_8_2022-12-08,194.06521904377695
DL_8_2022-12-09,194.0071382675007
DL_8_2022-12-10,193.94304184192126
DL_8_2022-12-11,193.90575595546855
DL_8_2022-12-12,193.88909262132842
DL_8_2022-12-13,193.88307859011277
DL_8_2022-12-14,193.8814397639522
DL_8_2022-12-15,193.88123750190763
DL_8_2022-12-16,193.88136122343448
DL_8_2022-12-17,193.8814853280051
DL_8_2022-12-18,193.88155565350502
DL_8_2022-12-19,193.8815865499392
DL_8_2022-12-20,193.88159750328379
DL_8_2022-12-21,193.88160039727498
DL_8_2022-12-22,193.8816006991901
DL_8_2022-12-23,193.8816004402631
DL_8_2022-12-24,193.88160020066402
DL_8_2022-12-25,193.8816000682199
DL_8_2022-12-26,193.88160001100653
DL_8_2022-12-27,193.88159999109095
DL_8_2022-12-28,193.88159998600102
DL_8_2022-12-29,193.88159998557794
DL_8_2022-12-30,193.88159998611235
DL_8_2022-12-31,193.8815999865737
DL_4_2022-12-04,124.24489851416085
DL_4_2022-12-05,134.488976085893
DL_4_2022-12-06,139.5802526311874
DL_4_2022-12-07,142.03939629252324
DL_4_2022-12-08,143.15414310533419
DL_4_2022-12-09,143.58235967649614
DL_4_2022-12-10,143.66013050170437
DL_4_2022-12-11,143.55915088417657
DL_4_2022-12-12,143.36713443428107
DL_4_2022-12-13,143.1288909404448
DL_4_2022-12-14,142.8673118678448
DL_4_2022-12-15,142.59409124402265
DL_4_2022-12-16,142.315202649926
DL_4_2022-12-17,142.0336972565571
DL_4_2022-12-18,141.7511332611403
DL_4_2022-12-19,141.46830614480223
DL_4_2022-12-20,141.1856217401426
DL_4_2022-12-21,140.90328682068662
DL_4_2022-12-22,140.6214064675334
DL_4_2022-12-23,140.3400338111644
DL_4_2022-12-24,140.05919544309535
DL_4_2022-12-25,139.77890439795374
DL_4_2022-12-26,139.4991667856453
DL_4_2022-12-27,139.21998517953418
DL_4_2022-12-28,138.94136034736434
DL_4_2022-12-29,138.66329213553496
DL_4_2022-12-30,138.38577992084925
DL_4_2022-12-31,138.10882284129747
KA_7_2022-12-04,43.577177754788195
KA_7_2022-12-05,50.06088574063881
KA_7_2022-12-06,53.69203576149743
KA_7_2022-12-07,55.725632972037396
KA_7_2022-12-08,56.86453320776439
KA_7_2022-12-09,57.50236539017311
KA_7_2022-12-10,57.859578322574144
KA_7_2022-12-11,58.05963263559528
KA_7_2022-12-12,58.17167149121383
KA_7_2022-12-13,58.23441797729927
KA_7_2022-12-14,58.26955865679243
KA_7_2022-12-15,58.28923891990005
KA_7_2022-12-16,58.30026069755409
KA_7_2022-12-17,58.30643335805109
KA_7_2022-12-18,58.309890308355044
KA_7_2022-12-19,58.3118263463746
KA_7_2022-12-20,58.31291060934734
KA_7_2022-12-21,58.31351784235732
KA_7_2022-12-22,58.313857918462176
KA_7_2022-12-23,58.31404837542877
KA_7_2022-12-24,58.314155039365474
KA_7_2022-12-25,58.3142147756702
KA_7_2022-12-26,58.31424823052113
KA_7_2022-12-27,58.314266966649114
KA_7_2022-12-28,58.31427745967127
KA_7_2022-12-29,58.31428333620637
KA_7_2022-12-30,58.31428662731397
KA_7_2022-12-31,58.31428847047307
KA_14_2022-12-04,49.92680690831321
KA_14_2022-12-05,56.39064202819688
KA_14_2022-12-06,65.51745449930861
KA_14_2022-12-07,68.07835127258912
KA_14_2022-12-08,71.62323698281313
KA_14_2022-12-09,74.48715216879177
KA_14_2022-12-10,74.38706351595613
KA_14_2022-12-11,82.29124613148485
KA_14_2022-12-12,86.2115468326759
KA_14_2022-12-13,86.2452513655097
KA_14_2022-12-14,82.83150120812651
KA_14_2022-12-15,76.80751363053308
KA_14_2022-12-16,73.63635009501658
KA_14_2022-12-17,70.92311826058331
KA_14_2022-12-18,74.86915735546295
KA_14_2022-12-19,73.41729907120853
KA_14_2022-12-20,76.74205009757196
KA_14_2022-12-21,76.91319036655628
KA_14_2022-12-22,76.9622204721137
KA_14_2022-12-23,76.81694304075953
KA_14_2022-12-24,76.82247222854326
KA_14_2022-12-25,82.33035620373094
KA_14_2022-12-26,86.720224509835
KA_14_2022-12-27,86.86287090215203
KA_14_2022-12-28,83.9959542711958
KA_14_2022-12-29,78.64466483974026
KA_14_2022-12-30,76.92069207030208
KA_14_2022-12-31,75.36114051199834
KA_9_2022-12-04,47.143476516005876
KA_9_2022-12-05,51.47000653158419
KA_9_2022-12-06,53.46230220408431
KA_9_2022-12-07,54.23168267953428
KA_9_2022-12-08,54.48387354546628
KA_9_2022-12-09,54.53263775410139
KA_9_2022-12-10,54.50376444309842
KA_9_2022-12-11,54.445685809431644
KA_9_2022-12-12,54.37672679988134
KA_9_2022-12-13,54.30376655055485
KA_9_2022-12-14,54.22937812040044
KA_9_2022-12-15,54.154522271149
KA_9_2022-12-16,54.07955740988396
KA_9_2022-12-17,54.00461713357584
KA_9_2022-12-18,53.92975117571803
KA_9_2022-12-19,53.854977992244926
KA_9_2022-12-20,53.7803043751519
KA_9_2022-12-21,53.70573276703783
KA_9_2022-12-22,53.63126398875838
KA_9_2022-12-23,53.556898256560295
KA_9_2022-12-24,53.48263556136272
KA_9_2022-12-25,53.40847581018711
KA_9_2022-12-26,53.33441887889472
KA_9_2022-12-27,53.26046463185159
KA_9_2022-12-28,53.18661292926123
KA_9_2022-12-29,53.11286362989869
KA_9_2022-12-30,53.03921659212993
KA_9_2022-12-31,52.965671674291734
KA_11_2022-12-04,52.41830221314184
KA_11_2022-12-05,58.74725695137869
KA_11_2022-12-06,60.246073783080874
KA_11_2022-12-07,59.9749614383176
KA_11_2022-12-08,59.52353763610058
KA_11_2022-12-09,59.255620073021134
KA_11_2022-12-10,59.11408000647615
KA_11_2022-12-11,59.01103611102725
KA_11_2022-12-12,58.90868294124313
KA_11_2022-12-13,58.80075193190536
KA_11_2022-12-14,58.68987175590652
KA_11_2022-12-15,58.578432493711176
KA_11_2022-12-16,58.467292350870814
KA_11_2022-12-17,58.35653098864825
KA_11_2022-12-18,58.24605510545216
KA_11_2022-12-19,58.13580216307389
KA_11_2022-12-20,58.02575332354402
KA_11_2022-12-21,57.915908176662924
KA_11_2022-12-22,57.806269231750115
KA_11_2022-12-23,57.69683764468788
KA_11_2022-12-24,57.58761338973336
KA_11_2022-12-25,57.47859602570225
KA_11_2022-12-26,57.36978507707998
KA_11_2022-12-27,57.26118011611532
KA_11_2022-12-28,57.15278074638859
KA_11_2022-12-29,57.044586581094215
KA_11_2022-12-30,56.936597234062624
KA_11_2022-12-31,56.82881231840455
KA_10_2022-12-04,35.86360299338443
KA_10_2022-12-05,43.994429455896366
KA_10_2022-12-06,49.1651819715166
KA_10_2022-12-07,53.32350703681615
KA_10_2022-12-08,55.36678464927076
KA_10_2022-12-09,56.895280895308446
KA_10_2022-12-10,57.234966030828765
KA_10_2022-12-11,57.51356741289886
KA_10_2022-12-12,57.22385255313385
KA_10_2022-12-13,57.098931025655254
KA_10_2022-12-14,56.72759045731719
KA_10_2022-12-15,56.572089032440374
KA_10_2022-12-16,56.30554511836983
KA_10_2022-12-17,56.222184397203804
KA_10_2022-12-18,56.074373592752835
KA_10_2022-12-19,56.05599683885527
KA_10_2022-12-20,55.98782590774622
KA_10_2022-12-21,56.00279991985224
KA_10_2022-12-22,55.9753981372797
KA_10_2022-12-23,55.999402875045554
KA_10_2022-12-24,55.98849538651515
KA_10_2022-12-25,56.00964487603153
KA_10_2022-12-26,56.00381366652991
KA_10_2022-12-27,56.018805094302486
KA_10_2022-12-28,56.01410600968082
KA_10_2022-12-29,56.02361128051127
KA_10_2022-12-30,56.019315458175136
KA_10_2022-12-31,56.025061929124455
MH_15_2022-12-04,90.89566799968712
MH_15_2022-12-05,84.15992795424101
MH_15_2022-12-06,81.51334651772586
MH_15_2022-12-07,80.47346177561172
MH_15_2022-12-08,80.06487420601641
MH_15_2022-12-09,79.90433352754815
MH_15_2022-12-10,79.84125449293978
MH_15_2022-12-11,79.81646971785918
MH_15_2022-12-12,79.80673137801917
MH_15_2022-12-13,79.80290502645732
MH_15_2022-12-14,79.8014015909113
MH_15_2022-12-15,79.80081086671763
MH_15_2022-12-16,79.8005787616075
MH_15_2022-12-17,79.80048756374778
MH_15_2022-12-18,79.80045173063056
MH_15_2022-12-19,79.80043765121802
MH_15_2022-12-20,79.80043211918863
MH_15_2022-12-21,79.80042994556462
MH_15_2022-12-22,79.80042909151251
MH_15_2022-12-23,79.8004287559416
MH_15_2022-12-24,79.80042862409034
MH_15_2022-12-25,79.80042857228385
MH_15_2022-12-26,79.80042855192823
MH_15_2022-12-27,79.80042854393018
MH_15_2022-12-28,79.80042854078762
MH_15_2022-12-29,79.80042853955285
MH_15_2022-12-30,79.8004285390677
MH_15_2022-12-31,79.80042853887707
MH_16_2022-12-04,57.166470670811876
MH_16_2022-12-05,56.28566180744479
MH_16_2022-12-06,55.33742594334947
MH_16_2022-12-07,54.794868203798806
MH_16_2022-12-08,54.58387580329627
MH_16_2022-12-09,54.54072952246357
MH_16_2022-12-10,54.55430096046744
MH_16_2022-12-11,54.57454630759565
MH_16_2022-12-12,54.58730189416915
MH_16_2022-12-13,54.59272073526395
MH_16_2022-12-14,54.594092700457345
MH_16_2022-12-15,54.593949985006084
MH_16_2022-12-16,54.59353154087967
MH_16_2022-12-17,54.59323705656045
MH_16_2022-12-18,54.59310099520737
MH_16_2022-12-19,54.59306077248617
MH_16_2022-12-20,54.593059851485656
MH_16_2022-12-21,54.593068136761815
MH_16_2022-12-22,54.59307480631984
MH_16_2022-12-23,54.593078154644594
MH_16_2022-12-24,54.59307927372945
MH_16_2022-12-25,54.59307939722035
MH_16_2022-12-26,54.59307924305204
MH_16_2022-12-27,54.59307909514128
MH_16_2022-12-28,54.59307901426538
MH_16_2022-12-29,54.593078984283046
MH_16_2022-12-30,54.59307897899751
MH_16_2022-12-31,54.593078981585705
MH_13_2022-12-04,40.898256934421106
MH_13_2022-12-05,39.579950524486065
MH_13_2022-12-06,38.75305031059283
MH_13_2022-12-07,38.23438184430633
MH_13_2022-12-08,37.90904999240922
MH_13_2022-12-09,37.70498743465131
MH_13_2022-12-10,37.57699035340679
MH_13_2022-12-11,37.49670491061355
MH_13_2022-12-12,37.44634632226268
MH_13_2022-12-13,37.41475918351794
MH_13_2022-12-14,37.39494633000569
MH_13_2022-12-15,37.38251883008333
MH_13_2022-12-16,37.37472375128638
MH_13_2022-12-17,37.36983433235014
MH_13_2022-12-18,37.36676747207113
MH_13_2022-12-19,37.36484380136637
MH_13_2022-12-20,37.36363718983415
MH_13_2022-12-21,37.362880349598406
MH_13_2022-12-22,37.36240562585581
MH_13_2022-12-23,37.362107858082446
MH_13_2022-12-24,37.36192108493651
MH_13_2022-12-25,37.36180393254072
MH_13_2022-12-26,37.361730449365325
MH_13_2022-12-27,37.3616843574606
MH_13_2022-12-28,37.361655446574936
MH_13_2022-12-29,37.36163731238599
MH_13_2022-12-30,37.361625937818886
MH_13_2022-12-31,37.361618803186225
MH_10_2022-12-04,51.518874539464306
MH_10_2022-12-05,61.448060494336495
MH_10_2022-12-06,65.63152437340315
MH_10_2022-12-07,67.3941431930122
MH_10_2022-12-08,68.13678737330164
MH_10_2022-12-09,68.44968564284362
MH_10_2022-12-10,68.58151906951129
MH_10_2022-12-11,68.63706444664739
MH_10_2022-12-12,68.66046738017629
MH_10_2022-12-13,68.67032773806739
MH_10_2022-12-14,68.67448220261862
MH_10_2022-12-15,68.67623260315155
MH_10_2022-12-16,68.67697009940116
MH_10_2022-12-17,68.67728082869309
MH_10_2022-12-18,68.67741174826442
MH_10_2022-12-19,68.67746690860689
MH_10_2022-12-20,68.67749014931377
MH_10_2022-12-21,68.6774999413207
MH_10_2022-12-22,68.67750406698694
MH_10_2022-12-23,68.67750580525389
MH_10_2022-12-24,68.6775065376379
MH_10_2022-12-25,68.67750684621325
MH_10_2022-12-26,68.6775069762253
MH_10_2022-12-27,68.67750703100327
MH_10_2022-12-28,68.67750705408288
MH_10_2022-12-29,68.67750706380701
MH_10_2022-12-30,68.67750706790407
MH_10_2022-12-31,68.6775070696303
MH_12_2022-12-04,54.070128150355615
MH_12_2022-12-05,65.80385048200854
MH_12_2022-12-06,70.47675306654845
MH_12_2022-12-07,72.06170487253895
MH_12_2022-12-08,74.57346655579228
MH_12_2022-12-09,73.73423131228543
MH_12_2022-12-10,72.0467431737495
MH_12_2022-12-11,73.06912394301341
MH_12_2022-12-12,74.12454514419125
MH_12_2022-12-13,74.5589998113865
MH_12_2022-12-14,74.71723832630161
MH_12_2022-12-15,74.93544452811096
MH_12_2022-12-16,74.87640168721411
MH_12_2022-12-17,74.74509344163344
MH_12_2022-12-18,74.82967973801902
MH_12_2022-12-19,74.91581460507547
MH_12_2022-12-20,74.95141044153188
MH_12_2022-12-21,74.96447891021418
MH_12_2022-12-22,74.982211105093
MH_12_2022-12-23,74.97755441007953
MH_12_2022-12-24,74.96703970818207
MH_12_2022-12-25,74.97387034765435
MH_12_2022-12-26,74.98081335565881
MH_12_2022-12-27,74.98368411264087
MH_12_2022-12-28,74.98473918743898
MH_12_2022-12-29,74.98616768821586
MH_12_2022-12-30,74.98579408628248
MH_12_2022-12-31,74.98494872326687
MH_17_2022-12-04,53.13442139680207
MH_17_2022-12-05,54.70962588552116
MH_17_2022-12-06,54.89676349644852
MH_17_2022-12-07,54.61389589723444
MH_17_2022-12-08,54.31866060345833
MH_17_2022-12-09,54.14510299510169
MH_17_2022-12-10,54.07936762019237
MH_17_2022-12-11,54.071845962607775
MH_17_2022-12-12,54.083897235282734
MH_17_2022-12-13,54.096348446507996
MH_17_2022-12-14,54.10363380053026
MH_17_2022-12-15,54.106376753447364
MH_17_2022-12-16,54.10667842950928
MH_17_2022-12-17,54.10616511766956
MH_17_2022-12-18,54.105640034364164
MH_17_2022-12-19,54.10533423561801
MH_17_2022-12-20,54.10521979137481
MH_17_2022-12-21,54.105207720123595
MH_17_2022-12-22,54.105229579159364
MH_17_2022-12-23,54.10525172123288
MH_17_2022-12-24,54.105264556317124
MH_17_2022-12-25,54.105269330788644
MH_17_2022-12-26,54.10526981256233
MH_17_2022-12-27,54.10526888191605
MH_17_2022-12-28,54.10526794827053
MH_17_2022-12-29,54.10526740957958
MH_17_2022-12-30,54.10526721041516
MH_17_2022-12-31,54.105267191242106
MH_14_2022-12-04,63.75832501303056
MH_14_2022-12-05,64.42582188869852
MH_14_2022-12-06,63.93411533215331
MH_14_2022-12-07,63.37608181262121
MH_14_2022-12-08,63.01828314559943
MH_14_2022-12-09,62.842409524448755
MH_14_2022-12-10,62.7743753182801
MH_14_2022-12-11,62.75631965234785
MH_14_2022-12-12,62.75623835156815
MH_14_2022-12-13,62.76015243103262
MH_14_2022-12-14,62.76344059489346
MH_14_2022-12-15,62.76532465961414
MH_14_2022-12-16,62.76617363198169
MH_14_2022-12-17,62.76646744011856
MH_14_2022-12-18,62.76652568550242
MH_14_2022-12-19,62.7665095532122
MH_14_2022-12-20,62.76648322913024
MH_14_2022-12-21,62.766464793047234
MH_14_2022-12-22,62.76645519513183
MH_14_2022-12-23,62.7664512419277
MH_14_2022-12-24,62.76645005573474
MH_14_2022-12-25,62.766449936506206
MH_14_2022-12-26,62.76645009849381
MH_14_2022-12-27,62.76645026013003
MH_14_2022-12-28,62.76645035945309
MH_14_2022-12-29,62.76645040679068
MH_14_2022-12-30,62.76645042443672
MH_14_2022-12-31,62.76645042874022
MH_11_2022-12-04,48.2773811652938
MH_11_2022-12-05,46.687791076685315
MH_11_2022-12-06,45.97083255369645
MH_11_2022-12-07,45.877812441214445
MH_11_2022-12-08,46.01051511400567
MH_11_2022-12-09,46.1375009562044
MH_11_2022-12-10,46.19616773072816
MH_11_2022-12-11,46.204654089745574
MH_11_2022-12-12,46.19445866200723
MH_11_2022-12-13,46.18432269359554
MH_11_2022-12-14,46.17952743609033
MH_11_2022-12-15,46.17876476183968
MH_11_2022-12-16,46.1795457727574
MH_11_2022-12-17,46.180354142697524
MH_11_2022-12-18,46.18074567651922
MH_11_2022-12-19,46.18081340122503
MH_11_2022-12-20,46.18075376547439
MH_11_2022-12-21,46.18068935084494
MH_11_2022-12-22,46.180657414967584
MH_11_2022-12-23,46.180651459797865
MH_11_2022-12-24,46.18065599715937
MH_11_2022-12-25,46.18066112556162
MH_11_2022-12-26,46.18066372784072
MH_11_2022-12-27,46.1806642472216
MH_11_2022-12-28,46.180663903372626
MH_11_2022-12-29,46.18066349543304
MH_11_2022-12-30,46.18066328359383
MH_11_2022-12-31,46.18066323860943
TN_8_2022-12-04,53.5458956056816
TN_8_2022-12-05,53.09560992989911
TN_8_2022-12-06,52.64911085974758
TN_8_2022-12-07,52.2063665523704
TN_8_2022-12-08,51.76734543268839
TN_8_2022-12-09,51.33201619114797
TN_8_2022-12-10,50.90034778148828
TN_8_2022-12-11,50.47230941852701
TN_8_2022-12-12,50.04787057596496
TN_8_2022-12-13,49.627000984208955
TN_8_2022-12-14,49.20967062821316
TN_8_2022-12-15,48.79584974533848
TN_8_2022-12-16,48.38550882322999
TN_8_2022-12-17,47.978618597712206
TN_8_2022-12-18,47.575150050702064
TN_8_2022-12-19,47.17507440813945
TN_8_2022-12-20,46.77836313793512
TN_8_2022-12-21,46.3849879479359
TN_8_2022-12-22,45.99492078390694
TN_8_2022-12-23,45.60813382753104
TN_8_2022-12-24,45.22459949442468
TN_8_2022-12-25,44.84429043217083
TN_8_2022-12-26,44.46717951836825
TN_8_2022-12-27,44.09323985869721
TN_8_2022-12-28,43.72244478500148
TN_8_2022-12-29,43.35476785338643
TN_8_2022-12-30,42.990182842333155
TN_8_2022-12-31,42.62866375082844
TN_5_2022-12-04,133.03315058667684
TN_5_2022-12-05,128.24506634070605
TN_5_2022-12-06,123.62931320653266
TN_5_2022-12-07,119.1796887009572
TN_5_2022-12-08,114.89021357846164
TN_5_2022-12-09,110.75512379651413
TN_5_2022-12-10,106.76886277005578
TN_5_2022-12-11,102.92607390476132
TN_5_2022-12-12,99.22159339904016
TN_5_2022-12-13,95.65044330510528
TN_5_2022-12-14,92.20782483978599
TN_5_2022-12-15,88.88911193609543
TN_5_2022-12-16,85.6898450268881
TN_5_2022-12-17,82.60572505225365
TN_5_2022-12-18,79.6326076825948
TN_5_2022-12-19,76.76649774962603
TN_5_2022-12-20,74.00354387781005
TN_5_2022-12-21,71.34003330901776
TN_5_2022-12-22,68.77238691345724
TN_5_2022-12-23,66.29715438016783
TN_5_2022-12-24,63.91100958061614
TN_5_2022-12-25,61.610746099164146
TN_5_2022-12-26,59.393272924403014
TN_5_2022-12-27,57.25561029556306
TN_5_2022-12-28,55.1948856984183
TN_5_2022-12-29,53.208330005305044
TN_5_2022-12-30,51.293273754067684
TN_5_2022-12-31,49.44714356093134
WB_16_2022-12-04,43.37869687665794
WB_16_2022-12-05,47.35024457919705
WB_16_2022-12-06,50.02087562547846
WB_16_2022-12-07,51.19957190689806
WB_16_2022-12-08,51.23893006843196
WB_16_2022-12-09,50.72503892647152
WB_16_2022-12-10,51.86259128146275
WB_16_2022-12-11,51.027301084904956
WB_16_2022-12-12,50.02043144597351
WB_16_2022-12-13,50.558558535938516
WB_16_2022-12-14,50.19922180465038
WB_16_2022-12-15,48.98844235134398
WB_16_2022-12-16,48.46558832268436
WB_16_2022-12-17,50.26736565960252
WB_16_2022-12-18,49.688452169150864
WB_16_2022-12-19,49.47300467245892
WB_16_2022-12-20,50.07840040310859
WB_16_2022-12-21,49.87856495290167
WB_16_2022-12-22,49.54731210984413
WB_16_2022-12-23,48.68269834911143
WB_16_2022-12-24,49.59139158596982
WB_16_2022-12-25,49.42701074949848
WB_16_2022-12-26,49.46060816593542
WB_16_2022-12-27,49.93310029509196
WB_16_2022-12-28,49.87230163452688
WB_16_2022-12-29,51.27273584446023
WB_16_2022-12-30,51.165296397876226
WB_16_2022-12-31,49.8967225123409
WB_14_2022-12-04,93.58885997984959
WB_14_2022-12-05,81.37989753086876
WB_14_2022-12-06,74.20863704243665
WB_14_2022-12-07,70.78701516894728
WB_14_2022-12-08,69.40013315445108
WB_14_2022-12-09,68.93197136581048
WB_14_2022-12-10,68.81625725287705
WB_14_2022-12-11,68.810539488452
WB_14_2022-12-12,68.82715506719767
WB_14_2022-12-13,68.84128963423498
WB_14_2022-12-14,68.84939314166564
WB_14_2022-12-15,68.8531977881894
WB_14_2022-12-16,68.85471628835604
WB_14_2022-12-17,68.85521823770708
WB_14_2022-12-18,68.855336548796
WB_14_2022-12-19,68.85533814564985
WB_14_2022-12-20,68.85531780931505
WB_14_2022-12-21,68.85530149542875
WB_14_2022-12-22,68.85529235401933
WB_14_2022-12-23,68.85528812941419
WB_14_2022-12-24,68.85528646948109
WB_14_2022-12-25,68.85528593275266
WB_14_2022-12-26,68.85528581285483
WB_14_2022-12-27,68.8552858163558
WB_14_2022-12-28,68.85528584099818
WB_14_2022-12-29,68.85528585977421
WB_14_2022-12-30,68.85528587006952
WB_14_2022-12-31,68.85528587475386
WB_12_2022-12-04,46.649354065548415
WB_12_2022-12-05,46.824489643707366
WB_12_2022-12-06,46.58038222682788
WB_12_2022-12-07,48.385603324143375
WB_12_2022-12-08,48.42973112905347
WB_12_2022-12-09,47.64054548910653
WB_12_2022-12-10,45.16131469858997
WB_12_2022-12-11,47.565584720800736
WB_12_2022-12-12,44.00385620995953
WB_12_2022-12-13,37.429769065439935
WB_12_2022-12-14,35.713920965952454
WB_12_2022-12-15,37.75240105342677
WB_12_2022-12-16,41.34716742989055
WB_12_2022-12-17,38.04786413407409
WB_12_2022-12-18,34.98137213638648
WB_12_2022-12-19,39.32750753317368
WB_12_2022-12-20,40.032605281602955
WB_12_2022-12-21,42.86884898471148
WB_12_2022-12-22,48.29518261858225
WB_12_2022-12-23,45.08496357799789
WB_12_2022-12-24,47.19234883874638
WB_12_2022-12-25,48.97772354938677
WB_12_2022-12-26,44.57866411448941
WB_12_2022-12-27,43.88657333013276
WB_12_2022-12-28,42.44902860435664
WB_12_2022-12-29,36.97789184597712
WB_12_2022-12-30,38.90210585774897
WB_12_2022-12-31,37.86269881604303
WB_13_2022-12-04,53.406341235355654
WB_13_2022-12-05,50.8257466821222
WB_13_2022-12-06,47.882390902439816
WB_13_2022-12-07,50.87859665796448
WB_13_2022-12-08,52.457519944220245
WB_13_2022-12-09,49.78822888726817
WB_13_2022-12-10,49.34181803500609
WB_13_2022-12-11,50.49674200385864
WB_13_2022-12-12,49.32906769544605
WB_13_2022-12-13,47.83901181910662
WB_13_2022-12-14,50.28793659718505
WB_13_2022-12-15,51.488062790189005
WB_13_2022-12-16,49.543756482085506
WB_13_2022-12-17,49.19171173927953
WB_13_2022-12-18,50.00653950082146
WB_13_2022-12-19,49.160773657281396
WB_13_2022-12-20,48.088165897646874
WB_13_2022-12-21,49.85295463064397
WB_13_2022-12-22,50.71804962700076
WB_13_2022-12-23,49.31835031966343
WB_13_2022-12-24,49.06488229826482
WB_13_2022-12-25,49.65155786996314
WB_13_2022-12-26,49.04249920583773
WB_13_2022-12-27,48.27012535360605
WB_13_2022-12-28,49.54089294829489
WB_13_2022-12-29,50.16382400286007
WB_13_2022-12-30,49.155944759317656
WB_13_2022-12-31,48.97343125204487
